{
    "loss": 1.5343353748321533,
    "accuracy": 0.8444444537162781
}