{
    "loss": 0.7681509256362915,
    "accuracy": 0.894444465637207
}